	氏名	肩書き				
1	車寅次郎1	学校名1				
2	車寅次郎2	学校名2				
3	車寅次郎3	学校名3				
4	車寅次郎4	学校名4				
5	車寅次郎5	学校名5				
6	車寅次郎6	学校名6				
7	車寅次郎7	学校名7				
8	車寅次郎8	学校名8				
9	車寅次郎9	学校名9				
10	車寅次郎10	学校名10				
11	車寅次郎11	学校名11				
12	車寅次郎12	学校名12				
13	車寅次郎13	学校名13				
14	車寅次郎14	学校名14				
15	車寅次郎15	学校名15				
16	車寅次郎16	学校名16				
17	車寅次郎17	学校名17				
18	車寅次郎18	学校名18				
19	車寅次郎19	学校名19				
20	車寅次郎20	学校名20				
21	車寅次郎21	学校名21				
22	車寅次郎22	学校名22				
23	車寅次郎23	学校名23				
24	車寅次郎24	学校名24				
25	車寅次郎25	学校名25				
26	車寅次郎26	学校名26				
27	車寅次郎27	学校名27				
28	車寅次郎28	学校名28				
29	車寅次郎29	学校名29				
30	車寅次郎30	学校名30				
31	車寅次郎31	学校名31				
32	車寅次郎32	学校名32				
33	車寅次郎33	学校名33				
34	車寅次郎34	学校名34				
35	車寅次郎35	学校名35				
36	車寅次郎36	学校名36				
37	車寅次郎37	学校名37				
38	車寅次郎38	学校名38				
39	車寅次郎39	学校名39				
40	車寅次郎40	学校名40				
41	車寅次郎41	学校名41				
42	車寅次郎42	学校名42				
43	車寅次郎43	学校名43				
44	車寅次郎44	学校名44				
45	車寅次郎45	学校名45				
46	車寅次郎46	学校名46				
47	車寅次郎47	学校名47				
48	車寅次郎48	学校名48				
49	車寅次郎49	学校名49				
50	車寅次郎50	学校名50				
51	車寅次郎51	学校名51				
